{
    "comp_type": "event",
    "disc_type": "Total",
    "TreatMerged": {
        "Merged False": 91,
        "Correct Merged Efficiency": 0.7443820224719101,
        "Lost False": 69,
        "Merged True": 265,
        "LDA score": 0.87942727957799549,
        "Lost True": 902,
        "Correct Lost Efficiency": 0.9289392378990731,
        "LDA equation": "y = 0.008305*x + -0.751649"
    },
    "TreatLost": {
        "Merged False": 138,
        "Correct Merged Efficiency": 0.6960352422907489,
        "Lost False": 71,
        "Merged True": 316,
        "LDA score": 0.85465924895688461,
        "Lost True": 913,
        "Correct Lost Efficiency": 0.9278455284552846,
        "LDA equation": "y = -0.014913*x + 14.895826"
    }
}